1019	Поверь и полюби	(Кэлмен Хизер (Калмен))	О том, что судьба переменчива, Софи Баррингтон узнала не из вторых рук. В один миг из избалованной светской барышни она превратилась в простую служанку. И угораздило ее попасть именно в тот дом, где обитает Николас Сомервилл, граф Линдхерст, которого Софи, будучи самой яркой звездой лондонского сезона, жестоко обидела…		
1049	Пари с дьяволом	(Лафой Лесли)	Судьба была жестока к юной Дарси О`Киф - или, напротив, благосклонна? Этого девушка не знала. Она знала лишь, что вынуждена отправиться в далекое путешествие в компании загадочного, демонического Эйдена Террела. Что вынуждена стать помощницей этого мужчины в его таинственной игре - игре интриг, опасностей и мести. Дарси еще не понимала, что в Эйдене обрела пылкого и нежного возлюбленного, который сделает ее счастливой...		
1050	Путь к сердцу	(Лафой Лесли)	Суровый Ривлин Килпатрик, которому надлежало передать осужденную Мадди в руки закона, упорно пытался видеть в своей прекрасной пленнице лишь преступницу, не достойную ни симпатии, ни жалости. Однако доводы рассудка оказались бессильны перед властным голосом сердца. С первого же взгляда на Мадди Ривлин оказался в плену пламенной и нежной страсти...		
1070	Искусительница	(Ли Эйна)	Очаровательная Синтия Маккензи с детства привыкла получать все, что захочет. Каково же было возмущение девушки, внезапно обнаружившей, что серьезный, целеустремленный Дэйв Кинкейд совершенно равнодушен к ее прелестям! Однако Синтия, впервые в жизни встретившая мужчину своей мечты, твердо решила: Дэйв должен ответить любовью на ее любовь и непременно будет принадлежать ей душой и телом.		
1547	Любовь сладка, любовь безумна	(Роджерс Розмари)	Прелестная зеленоглазая авантюристка, познавшая мир и роскошных парижских салонов, и суровых, выжженных солнцем мексиканских пустынь, находит свою единственную любовь, ради которой готова пожертвовать даже собственной жизнью…		
1557	Это неистовое сердце	(Роджерс Розмари)	Сумасбродные выходки независимой Ровены Дэнджерфилд неизменно шокируют ее аристократических родственников. Наконец судьба приводит юную англичанку в Америку. Там, на дальнем Западе, поджидают ее не только опасные приключения и жестокие испытания, но и встреча с единственным мужчиной, способным подарить гордой девушке счастье, – бесстрашным Люком Кордом, выросшим среди индейцев…		
2902	Темные огни	(Роджерс Розмари)	Красавец – авантюрист Стив Морган похищает дочь сенатора Брендона Джинни и увозит ее в Мексику, где пылает гражданская война. Там, среди боев и лишений, между ними вспыхивает любовь и они женятся. Неожиданно в Мексике объявляется русский князь Иван Сарканов, который тоже влюбляется в Джинни и тайно увозит ее с собой…		
1546	Ложь во имя любви	(Роджерс Розмари)	Юная испанская красавица Мариса встречает пирата и бунтовщика Доминика, блудного сына английского лорда, хладнокровного покорителя женских сердец. И вскоре оба уже не в силах понять, что за сила ведет их из страны в страну, с континента на континент, из наполеоновского Парижа в прерии Нового Света – то ли всесокрушающая ненависть, то ли всепобеждающая любовь.		
2405	Шанна	(Вудивисс Кэтлин)	Бермудские острова. Шанна, дочь богатого плантатора с Бермудских островов, вынуждена по настоянию отца немедленно выйти замуж. Девушке приходит в голову блестящий, как она полагает, выход из положения – отправиться в Англию, обвенчаться со смертником в лондонской тюрьме, а после, вернувшись домой, объявить себя вдовой. План приводится в исполнение, но однажды на плантации Шанны появляется ее муж. Мало того, что он остался в живых, он еще и с первого взгляда страстно влюбился в красавицу жену – и вовсе не намерен исчезнуть из ее жизни...		
3199	Безумство любви	(Макбейн Лори)	У смертного одра деда шотландка Сабрина Веррик поклялась исполнить его последнюю волю – позаботиться о младшем брате. Однако как сделать это, если родной дом разграблен английскими завоевателями, нет ни гроша в кармане и все, чем она жила раньше, погибло в пожаре войны? Отважная девушка решается на безумный шаг – стать разбойницей и грабить богатых англичан, не испытывая и тени жалости. Но однажды жертвой прелестной грабительницы оказывается совершенно неотразимый Люсьен, герцог Камарей…		
3299	Сердце язычницы	(Мэтьюз Патриция)	Красавица Лилиа выросла в тропическом раю, точно ярчайший из цветов. Однако жестокая судьба ввергла ее в водоворот жестоких испытаний и смертельной опасности. Кто же станет благородным спасителем девушки в час беды и несчастья? Кто увидит в прекрасной, гордой туземке не экзотическую игрушку, не невесту, которую можно купить за золото, но – женщину, достойную настоящей любви и подлинного счастья? Лишь один человек – мужественный Дэвид Тревелайн, который мечтает не только обладать телом Лилиа, но и покорить ее сердце…		
3200	Золотые слезы	(Макбейн Лори)	Николя Шанталь отличался от большинства французских аристократов решительностью и циничной жестокостью, а потому согласился исполнить поручение, которое привело бы в смущение многих, – безжалостно отомстить гордой красавице ирландке Маре О`Флинн за совершенную ею трагическую ошибку. Но задуманный Николя план встречает неожиданное препятствие – страстную, непреодолимую любовь, что в самое сердце поразила и мстителя, и его жертву…		
3291	Золотая судьба	(Мэтьюз Патриция)	Решительная сероглазая Белинда Ли никогда не страшилась опасности – и потому не задумываясь отправилась на охваченные золотой лихорадкой ледяные просторы Аляски. Девушка прекрасно понимала, что ей придется сражаться за свою "золотую судьбу" наравне с жестокими, циничными мужчинами. Однако она не могла и предположить, что самый сильный из них, бесстрашный Джош Роган, станет для нее не противником, а верным защитником, спасителем – и, наконец, пылким, страстным возлюбленным, готовым рисковать ради Белинды собственной жизнью…		
1193	Парус любви	(Макбейн Лори)	Благородный пират, гроза Карибских морей, бросил вызов самой судьбе в пoисках золота и славы. Однако судьба подстроила бесстрашному капитану неожиданную ловушку – в лице прелестной девушки, укрывшейся в его каюте от банды торговцев "живым товаром". Мог ли Данте, всегда относившийся к женщинам как истинный рыцарь, отказать в помощи леди Ри Доменик, похищенной из родного дома? Но чем дальше, тем яснее осознает он, что, вернув Ри семье, разобьет не только ее сердце, но и свое собственное…		
3297	Прекрасная мука любви	(Мэтьюз Патриция)	Она была прекрасна и горда. Она хотела добиться успеха в жизни любой ценой, пусть даже эта цена – опасная профессия авантюристки и нелегкое знание всех тонкостей игры на скачках… Она внезапно оказалась бесценным призом в отчаянном состязании двух мужчин, однако сердце ее было отдано третьему – циничному обаятельному джентльмену, который в совершенстве постиг искусство покорять самых независимых женщин… Все средства хороши в любви, на войне и – на скачках. Но что же делать, если война за победу на скачках становится однажды прекрасной мукой любви!		
1554	Последняя и вечная любовь	(Роджерс Розмари)	Пережив жестокие удары судьбы – смерть мужа-аристократа, тяжелую болезнь и даже турецкий плен с его "золотой клеткой" – гаремом, Джинни Брендон вновь обретает надежду на счастье. Она встречает Стива Моргана, свою первую любовь. Смогут ли они на этот раз понять, что созданы друг для друга?		
1190	И никакая сила в мире(Тьма перед рассветом)	(Макбейн Лори)	Красавец аристократ Данте Лейтон, утратив свое состояние, становится капитаном пиратского судна. Благодаря отчаянной храбрости и железной воле он наживает баснословное богатство. Но какое это имеет значение, если черные тени прошлого мешают ему обрести счастье? Знатные родные золотоволосой Реи Камейр и слышать не хотят о ее браке с человеком, стоящим вне закона. Однако Рея и Данте клянутся, что не станут жить друг без друга, и никакая сила в мире не сломит их любовь…		
1550	Оковы страсти (В плену любви)	(Роджерс Розмари)	Независимая красавица Алекса, как в клетке, заперта в чопорных гостиных колониального высшего общества на Цейлоне, в романтическом порыве едва не дала себя соблазнить привлекательному незнакомцу, а спустя несколько дней с ужасом обнаружила, что неведомый обольститель - местный "светский лев", искатель приключений Николас де ла Герра!		
1192	Найди меня, любимый	(Макбейн Лори)	Юная прелестная Лили Кристиан пережила многое – путешествие через океан, кораблекрушение, домогательства жестокого негодяя, странствия с цыганским табором… Приключения сменялись приключениями, опасность – опасностью. Но, точно путеводная звезда, вела Лили через все испытания, неистовая, пылкая любовь к бесстрашному капитану Валентину Уайтлоу, единственному мужчине, которому она поклялась принадлежать душой и телом.		
1970	Серебряная роза	(Фэйзер Джейн (Фэвэр))	Жестокое убийство, совершенное много лет назад, стало причиной кровной вражды двух могущественных дворянских семей – Хоуксмуров и Равенспиров. Однако королева Анна неожиданно отдает руку юной Ариель Равенспир лорду Саймону Хоуксмуру. С ужасом идет девушка под венец с человеком, которого считает исчадьем ада. Но тот, кого Ариель привыкла бояться и ненавидеть, твердо решил, что его брак станет браком по любви…		
2308	Другая заря (Новый рассвет)	(Браун Сандра)	В диких прериях Техаса, где правит единственный закон – закон силы, любовь юной Бэннер Коулмен и многоопытного Джейка Лэнгстона могла означать лишь одно – большие неприятности. Ибо страсть, охватившая внезапно и отчаянно невесту "достойного джентльмена" и лучшего друга ее отца, в совершенстве постигшего искусство владения револьвером, но не искусство обуздывать свои чувства, уже привела к чудовищному скандалу, а скандалы в Техасе, как известно, приводят к подлинным войнам. Что же противостоит силе пуль и жестокой ненависти? Только одно – любовь мужчины и женщины. И есть ли в мире сила, превосходящая эту?..		
1555	Распутница	(Роджерс Розмари)	Смуглокожей красавице из Луизианы Тристе досталась в наследство от матери горячая испанская кровь, но законы светского общества вынуждают ее таить страстное желание любить и быть любимой. Внезапно в жизнь Тристы вторгается Блейз – мужественный искатель приключений с манерами пирата. И вскоре девушке уже безразлично – осудит ли ее свет, ославят ли ее распутницей. Отныне для нее имеет значение лишь любовь Блейза и то, как удержать в оковах страсти этого свободолюбивого, привычного к опасности мужчину.		
1969	Причуды любви	(Фэйзер Джейн (Фэвэр))	Лорд Рутерфорд, блестящий светский лев из Лондона, изнывал от скуки в унылой английской провинции, пока его мужское самолюбие однажды не задела острая на язык молоденькая вдова Мерри Трелони. Лорд Рутерфорд поклялся отомстить рыжекудрой оскорбительнице, соблазнив ее и покинув, но Мерри оказалась нелегкой добычей. Чем дальше, тем сильнее опытный соблазнитель запутывался в собственных сетях и тем больше обращался его охотничий азарт в неподдельную, жгучую, сводящую с ума страсть…		
1976	Шарады любви	(Фэйзер Джейн (Фэвэр))	На улицах охваченного пожаром революции Парижа английский аристократ лорд Джастин Линтон подобрал шестнадцатилетнюю Даниель, спасшуюся бегством из разграбленного родительского имения. Сначала благородный спаситель видел в юной француженке лишь растерянного, испуганного, нуждающегося в помощи ребенка, однако настал момент, когда лорд Линтон осознал, что перед ним – прекрасная девушка, жаждущая любви и счастья…		
1424	Демонический барон	(Патни Мэри Джо)	Богатый светский лев барон Рэдфорд поспорил с другом, что женится на девушке, бумажку с чьим именем он первой вытащит из своей шляпы. Волею судьбы выбор пал на Каролину Ханскомб, тихую и застенчивую девушку, мечтающую всю свою жизнь заниматься только музыкой. Джейсон и Каролина заключили помолвку, но в имении барона Каролина встретила обаятельного повесу Ричарда Далтона, а Джейсон свою первую любовь – тетушку своей невесты, Джессику Стерлинг.		
1949	Безжалостное обольщение	(Фэйзер Джейн (Фэвэр))	Прекрасная как богиня креолка Женевьева Латур не боялась никого и ничего на свете – а потому, узнав, что Доминик Делакруа пытается соблазнить ее сестру, решила любой ценой помешать демону-обольстителю. Взбешенный Доминик задумал отомстить дерзкой девчонке, расстроившей его тайные планы, но – от ненависти до любви, как оказалось, всего один шаг. И вскоре отважный капитан, сгорая от пламенной страсти, готов на все, чтобы покорить душу и тело Женевьевы…		
3916	Среди роз (Тристан и Женевьева)	(Дрейк Шеннон)	Прекрасная леди Женевьева могла спасти свой родной замок только одной ценой - ценой свадьбы с человеком, которого обязана была ненавидеть всеми силами души. Что должен был принести брак с сумрачным рыцарем Тристаном гордой девушке? Горе и слезы. Но в объятиях супруга красавица обрела счастье великой, пламенной страсти. Страсти, что много сильнее ненависти. Страсти, во имя которой влюбленные готовы на все...		
1429	Удачная сделка	(Патни Мэри Джо)	Завещание отца Джослин было простым и ясным: если дочь к двадцати пяти годам не вступит в брак, то лишится наследства. В порыве отчаяния девушка решается заключить сделку – стать женой Дэвида Ланкастера, которому, как уверены все вокруг, недолго осталось жить. Однако у судьбы свои капризы, и любовь к Джослин, с первого взгляда вспыхнувшая в душе Дэвида, совершает истинное чудо – вырывает его из когтей смерти. И теперь он намерен любой ценой завоевать сердце женщины, без которой не мыслит своего существования. Удастся ли его великой любви совершить и это чудо?…		
1544	В плену желания	(Роджерс Розмари)	Непокорная юная Лаура с изумлением узнает, что скоро станет женой человека, которого никогда не видела. И кто же предназначен ей в супруги? Трент Челленджер, которого считают бандитом и убийцей! Трент тоже не в восторге от предстоящего "брака по уговору", ибо ненавидит любые узы, а особенно – семейные. Казалось бы, из союза дерзкой девчонки и самоуверенного искателя приключений не может выйти ничего хорошего, но… В ответ на удар хлыста Трент сжимает Лауру в объятиях, и тут же ярость и ненависть как по волшебству обращается в страсть.		
1904	Пламя любви	(Филлипс Патриция)	Пламя любви зажглось для прекрасной леди Элинор Десмонд и отважного сэра Джордана де Вера в час, когда мужественный рыцарь спас беззащитную девушку из рук разбойников. И не было в мире силы, способной погасить это пламя. Ни годы разлуки, ни смертельно опасные приключения, ни, наконец, сама судьба, снова и снова разлучавшая влюбленных, - ничто не могло заставить Элинор и Джордана позабыть безумную страсть, ставшую для них мукой и радостью, бедой и счастьем, смыслом и сутью жизни.....		
2469	Сладкий дикий рай	(Грэм Хизер (Хедер))	Прекрасная Джесси Дюпре возненавидела лорда Джеймса Камерона с первой же встречи... хотя именно этот циничный человек оказался единственным, кто протянул ей, нищей сироте, руку помощи. Джесси поклялась никогда не принадлежать Джеймсу, однако чем дальше, тем труднее было юной, неопытной девушке устоять перед магической притягательностью настоящего мужчины, властно манившего ее в неведомый мир безумной страсти...		
2470	Услада пирата	(Грэм Хизер (Хедер))	Лихой пиратский капитан по прозвищу Серебряный Ястреб спас прекрасную леди Скай Кинсдейл от верной гибели, но сделал ее своей пленницей. Покоренная магической притягательностью мужественного пирата, красавица из последних сил пыталась призвать на помощь чувство долга и сохранить верность человеку, в жены которому предназначена была с колыбели. Однако, пылая в огне безумной страсти, Скай даже не подозревала, что благодаря капризу судьбы стала пленницей своего будущего супруга...		
2999	Обольщение	(Квик Аманда)	Неискушенная провинциалка Софи выходит замуж за баснословно богатого, но высокомерного, окутанного мрачными тайнами, разочарованного в женщинах графа Рейвенвуда. Как в такой ситуации поступит молодая жена: согласится на роль покорной рабыни, начнет жить в свое удовольствие или попытается пробудить в муже любовь и нежность?		
2928	Повеса	(Патни Мэри Джо)	Родня беспутного повесы Реджинальда Дэвенпорта надеялась, что, став владельцем процветающего поместья, он откажется от прежнего образа жизни и образумится. Леди Элис Уэстон, решительная молодая женщина, переодевшись мужчиной, чтобы занять должность управляющего поместьем, стремится укрыться от несправедливости и фальши, с которыми не может мириться. Ни Реджинальд, ни Элис еще не знают, что встреча не просто изменит их жизнь, но и откроет им новый, ослепительно прекрасный мир истинной, всепоглощающей любви…		
1500	Шелковые узы	(Райан Нэн)	Миссисипи. Река, пересекающая штаты и соединяющая сердца. Река, подарившая циничному игроку Джонни Роулетту неожиданную встречу с юной, невинной Невадой Гамильтон, вынужденной зарабатывать на жизнь пением в варьете. Река, которая помогла однажды неотразимому соблазнителю стать пылким возлюбленным, а недоверчивой красотке - обрести долгожданное счастье...		
1964	Непокорный ангел	(Фэйзер Джейн (Фэвэр))	Сделав предложение руки и сердца непокорной озорнице Генриетте Эшби, сэр Дэниел Драммонд, доселе не склонный связывать себя брачными узами, несказанно изумил и друзей, и недругов, и более всего самого себя. Леди Драммонд немедленно обратила семейную жизнь в полный любви и радости веселый беспорядок… но счастье молодоженов было недолгим. Петля смертоносной интриги все туже стягивается вокруг Дэниела, и вскоре Генриетта осознает, что спасти любимого в силах только она…		
1971	Серебряные ночи	(Фэйзер Джейн (Фэвэр))	Гордую русскую аристократку Софью родные обрекают на безрадостный брак по расчету. Уже назначен день свадьбы, уже приехал тот, кому поручено доставить девушку в дом ненавистного жениха, – граф Адам Данилевский. И внезапно, точно молния, поражает Софью и Адама страсть, противостоять которой невозможно. Но за запретную любовь Софье и Адаму придется заплатить дорогой ценой…		
250	Обещание весны	(Бэлоу Мэри)	Темноволосая красавица Грейс осталась после трагической гибели брата без гроша. Откуда было ждать помощи одинокой молодой женщине? Только от лорда Лэмпмена, преданного друга семьи, предложившего ей руку и сердце. Однако может ли стать радостным брак, заключенный со стороны жениха из благородства, а со стороны невесты – из слепого отчаяния? Может ли такое венчание сделать счастливыми два одиноких сердца, может ли оказаться искрой, что разожжет в них пламя подлинной страсти?..		
256	Сети любви	(Бэлоу Мэри)	Это – история женщины, которую жизнь поставила однажды перед нелегким выбором – выбором между чувством и долгом... Что предпочесть ей – верность пожилому, доброму и благородному супругу, окружившему жену нежностью и заботой, но не способному, увы, покорить се сердце, – или вспыхнувшую внезапно, подобно пожару, страсть к молодому офицеру английской армии, который может предложить ей только неистовую силу своей любви? Возможно, выбор сделает сама Судьба. Однако – каким он будет?..		
257	Сети соблазна	(Бэлоу Мэри)	Над лордам Джеймсом Парнеллом с ранней юности тяготело воспоминание о трагедии, в которой он невольно был повинен. С тех пор Джеймс поклялся никогда больше не влюбляться. Однако клятвы были забыты, когда судьба подарила ему встречу с юной и прелестной Мэддан Рейни – девушкой, что, сама того не желая, завлекла молодого аристократа в сети соблазна. Ибо есть ли на этой земле соблазн неодолимее, чем надежда на новое счастье – счастье подлинной, нежной, страстной любви?..		
258	Счастливый сюрприз	(Бэлоу Мэри)	Прелестная Джозефина Мидлтон никогда в жизни не видела предназначенного ей в супруги герцога Митфорда – по заведомо успела невзлюбить его столь отчаянно, что предпочла ненавистному браку по расчету бегство в неизвестность, навстречу опасным приключениям. И в этот трудный момент на помощь ей приходит загадочный мужественный человек, называвший себя просто мистер Вильерс. Человек, которого Джозефина полюбила страстно и которому отдалась душой и телом, даже не подозревая, кто скрывается под маской таинственного незнакомца...		
1957	Жемчужина гарема	(Фэйзер Джейн (Фэвэр))	Могущественный афганский властитель Акбар-хан совершил большую ошибку – решив наказать строптивую наложницу Айшу, уступил ее на ночь английскому лейтенанту Киту Рэлстону. Мог ли предположить Акбар – хан, что одна – единственная ночь страсти зажжет в сердцах британского офицера и зеленоглазой красавицы, с детства обреченной на долю рабыни, пожар безумной любви? Теперь Рэлстон готов поставить на карту и карьеру, и жизнь – для того, чтобы спасти Айшу от ее безжалостного господина…		
2219	Шепчи мне о любви	(Басби Ширли)	Юная Моргана, выросшая в грязных трущобах Лондона, слишком хорошо знала, какая судьба ожидает красавицу-нищенку, а потому предпочла стать воровкой. Девушка с детства поклялась, что никогда не станет ничьей любовницей, и держала клятву – пока не встретила неотразимого, мужественного американца Ройса Манчестера. Напрасно пыталась Моргана противостоять охватившему ее пожару страсти, напрасно боролась с собой – любовь к Ройсу была сильнее доводов рассудка...		
2221	Ради твоей улыбки	(Беверли Джо)	Блестящий аристократ Николас Дилэни долгие годы бежал от брака как от чумы... но в глубине души всегда оставался истинным джентльменом. Именно поэтому, желая спасти репутацию обесчещенной девушки, он предложил ей руку и сердце. От появления в своем холостяцком доме молодой жены Николас поначалу не ждал ничего, кроме несчастий и хлопот... но постепенно невинное очарование юной Элинор Чивенхем покорило его, и беспутный прожигатель жизни познал всю силу любви — любви нежной и страстной, возвышенной — и земной...		
2222	Нежеланный брак	(Беверли Джо)	Ослепительная Бет Армитидж, казалось бы, созданная для любви и блаженства, скрывала свою пылкую душу под маской неприступной, ироничной особы. Кто же сможет разглядеть верную и нежную возлюбленную в холодной красавице? Только – самый отчаянный повеса лондонского света. Только – единственный, кто сумеет соблазнить девушку, предназначенную ему в жены, и разбудить в ней жаркую, чувственную страсть...		
826	Искушение	(Квик Аманда)	Невероятная любовная история начнется в мрачных пещерах, где герои обнаружат украденные драгоценности и встретят свою любовь. Словно в знаменитой сказке, Красавица полюбит Чудовище. Любовь отважной и очаровательной Гарриет победит клевету и предательство и научит любить исстрадавшееся сердце виконта Сент-Джастина.		
1989	Во власти бури	(Хармон Данелла)	Прекрасная английская леди, выдающая себя за юношу-жокея, и бесстрашный искатель опасных приключений… Рыжекудрая Ариадна – и мужественный Колин Лорд. Мужчина и женщина, предназначенные друг для друга самой судьбой…Они встретились врагами, но стали деловыми партнерами, решившись на отчаянный план молниеносного обогащения, – и верными друзьями в час грозной опасности. Однако друзья иногда могут стать и возлюбленными – возлюбленными, которых навсегда связали узы пламенной, чистой, земной и святой страсти…		
2551	Пират в моих объятиях	(Хармон Данелла)	О пирате Сэме Беллами ходило множество легенд. Врага говорили о его жестокости, друзья, – об отваге и мужестве. А множество женщин превозносили дьявольскую красоту и обаяние самого лихого из капитанов Семи морей. Однако все отступило для Сэма в прошлое, когда он встретил Марию Холлет, золотоволосую и невинную. Встреча с девушкой, похожей на ангела, вернула в жизнь отважного корсара любовь, страсть и надежду на счастье…		
2547	Предвкушение счастья	(Хармон Данелла)	Отважный Брендан Джей Меррик, самый знаменитый из капитанов-каперов, презирал женщин. Каково же было ему обнаружить женщину на борту своего судна! Каково было признать, что юная дочь судостроителя Майра Эштон превосходит смелостью и мужеством самых отчаянных его матросов! Женщина на корабле – к беде. Так считают моряки. Однако прелестная Майра стала бедой не для корабля, но – для капитана. Ибо неистовая, всепоглощающая страсть к этой девушке превратилась для него в муку. Но эта же страсть открыла ему подлинный смысл жизни и подарила счастье…		
1491	На всю жизнь	(Райан Нэн)	Хозяин развеселого салона Ник Мак-Кейб и рассудительная Кей Монтгомери, решившая посвятить свою жизнь благотворительной деятельности, - что может связывать столь разных людей? Только - ЛЮБОВЬ. Страстная, пылкая любовь, что пробуждает в циничном повесе мужчину, готового пожертвовать жизнью во имя возлюбленной, а в «унылой старой деве» - пылкую и чувственную женщину, созданную для счастья...		
1699	Обет любви	(Спенсер Мэри)	Это история гордого рыцаря Эрика Стэйвлота, поклявшегося доставить любимую женщину к чужому брачному ложу, и юной леди Марго ле Брюн, что втайне дала клятву не принадлежать никому, кроме сэра Эрика, покорившего ее сердце еще в детстве. И тогда начинается песнь высокой любви – обжигающей, опасной и изысканно-галантной. Начинается история нарушенных обетов…		
1960	Колдунья	(Фэйзер Джейн (Фэвэр))	Хьюго Латтимеру, обуреваемому мрачными воспоминаниями и мучительным отчаянием, менее всего нужна была любовь непредсказуемой, дерзкой красавицы Хлои Грэшем: ее природная чувственность лишала его самообладания. А ведь именно он был обязан сделать из юной девушки леди и выдать ее замуж за богатого лорда в Лондоне…		
76	Райский остров	(Барнет Джилл)	Самоуверенная белокурая красавица и сильный, решительный мужчина волею случая оказались на райском тропическом острове! Конечно, Хэнка безумно раздражает Маргарет. Конечно, Маргарет начинает испытывать неприязнь к Хэнку. Но говорят, от ненависти до любви – один шаг! И вот уже Хэнка и Маргарет влечет друг к другу внезапно вспыхнувшая страсть. Страсть жгучая и неодолимая, чувственная и чистая, небесная и земная...		
1974	Тщеславие	(Фэйзер Джейн (Фэвэр))	Несправедливость и жестокость родных довела до отчаяния юного графа Каллума Уиндхэма, лишили юношу всего – имени, состояния, будущего. Отныне нет благородного Каллума – есть лишь опасный и отважный Лорд Ник, не выбирающий средств отмщения. Но прелестная Октавия Морган, которой надлежало стать оружием Уиндхема в его тайной войне, неожиданно изменила в его жизни все…		
1975	Фиалка	(Фэйзер Джейн (Фэвэр))	Легендарная предводительница разбойников по прозвищу Фиалка и полковник английской армии лорд Сент-Саймон встречаются на горных перевалах Пиренеев при весьма странных обстоятельствах: Фиалка попадает в плен к французам, и полковник должен освободить эту юную особу с огромными фиалковыми глазами…		
3931	Чистое искушение (Невинный соблазн)	(Мэйсон Конни (Мейсон))	Лорд Джейк Грейсток задумал свой розыгрыш поистине гениально. В самом деле, что может быть забавнее, чем обучить служаночку-ирландку Мойру светским манерам и превратить ее в королеву избранного лондонского общества?! Беспутный повеса не учел лишь того, что доверчивая, детская невинность и ангельская красота Мойры зажгут в его сердце пожар подлинной, страстной любви. Любви, перед всемогущей властью которой рано или поздно померкнет все его аристократическое высокомерие…		
1553	Опасный мужчина	(Роджерс Розмари)	Прелестная дочь калифорнийского миллионера Виктория Райен узнала, что предназначена в жены человеку, которого не любит. Она поклялась щедро заплатить любому, кто поможет ей бежать. Помощник нашелся – но какой! Трудно было найти менее подходящего ангела-хранителя, чем Ник Кинкейд, опасный для врагов, но еще более – для красивых женщин…		
2765	Любовь-победительница	(Смит Барбара Доусон)	Молодой герцог Адам Сент-Шелдон был готов пойти на все, чтобы найти убийцу своего брата. Даже – выдать юную и невинную Мэри Шеппард за роскошную куртизанку, сделав ее своеобразной "приманкой" для убийцы! Однако обольщение и соблазн – оружие обоюдоострое. И вскоре Адам, превративший скромницу Мэри в обворожительную красавицу, познавшую силу своих женских чар, сам попадает в плен ее очарования. Так начинается эта история. История пылких страстей, дерзких интриг и пламенной, безумной всепобеждающей любви.		
2179	Чудовище	(Айвори Джудит)	Эта страстная, романтическая любовь началась на корабле, когда американская красавица Луиза Вандермеер плыла в Европу к жениху-аристократу. Любовь к незнакомцу, встречавшемуся с девушкой лишь под покровом темноты, захватила Луизу. Она возненавидела своего будущего мужа, всеми силами души стремясь к таинственному возлюбленному, покорившему ее сердце…		
2383	Мелодия души	(Бэлоу Мэри)	Когда-то она была для него спасением. Глухонемая Эмили Марлоу, безмолвно взирала на него своими огромными глазами и слушала, слушала, слушала… Она знала все его тайны, все его мечты и надежды, с ней он находил свой покой. Этот маленький олененок, единственный из всех не считал его – Эшли Кендрика, второго сына герцога, никчемным и беспутным прожигателем жизни. Но его ждало будущее – светлое и прекрасное будущее, и он уехал от нее в Индию, чтобы навек забыть о прошлом и зажить новой жизнью. Но прошли годы, страшные и тяжелые годы и он был вынужден вернуться…		
3486	Сегодня или никогда	(Джой Дэйра)	Хлоя Харт была влюблена в виконта Секстона с шестилетнего возраста. Все это время она терпеливо ждала взросления и обдумывала план покорения лучшего мужчины в своей жизни. Джон Секстон и не подозревал о сих матримониальных планах. Он совершенствовался в искусстве обольщения и заслуженно завоевал титул лорда Страсти. Но вот время пришло…		
2975	Жди меня	(Камерон Стелла)	Много воды утекло с тех пор, как шотландец Грей Фэлконер отправился в чужие края, пообещав своей невесте Минерве Арбакл вернуться, - и все эти годы девушка преданно ждала возлюбленного. Однажды он действительно вернулся, чтобы вновь сделать ее счастливой и вновь принести ей дар подлинной, жгучей страсти. Однако коварные враги, желая любой ценой разлучить влюбленных, готовы исполнить свои планы даже ценой преступления, и теперь Грею и Минерве предстоит вступить в отчаянную схватку со злом...		
3109	Ярче солнца	(Куин Джулия)	Прекрасно, когда любовь словно падает с неба. Прекрасно, когда любовь приходит нежданно. Но... Поначалу о любви между Элинор Линдон и скандальным великосветским ловеласом Чарлзом Уикомом, графом Биллингтоном, речи не шло. Обсуждались сухие условия фиктивного брака-сделки, весьма выгодного для обоих партнеров. Однако долго ли останется фиктивным брак, в котором мужчина и женщина буквально из последних сил сдерживают жгучую, непреодолимую страсть друг к другу?...		
1153	Контрабандистка	(Лоуренс Стефани)	Юная контрабандистка, не признающая над собой ничьей власти, – такова Кит Кранмер. Отважный, не знающий страха воин, чья шпага наводит ужас на врагов, обольститель, о котором мечтают первые красавицы побережья Англии, – таков капитан Джек. Эти двое повстречались в Час ночи. Час битвы. Час опасности. Они должны были возненавидеть друг друга, однако ненависть их быстро обратилась в любовь – пламенную, неистовую, земную.		
1946	Алмазный башмачок	(Фэйзер Джейн (Фэвэр))	Юная аристократка Корделия Бранденбург рано лишилась родителей. Дядя девушки, воспитанной при дворе австрийской императрицы, устраивает ее брак с пожилым прусским князем. Венчание совершается "по доверенности" – вместо незнакомого мужа у алтаря рядом стоит великолепный молодой виконт Лео Бомонт. И внезапно красавица осознает, что не мыслит своей жизни без Лео…		
2549	Дикарь	(Хармон Данелла)	Несчастья неустанно преследовали прекрасную Джульет Пейдж – она потеряла жениха Чарльза, ее отвергло его знатное чопорное семейство. Но внезапно вспыхнувшее чувство между ней и благородным Гаретом, братом Чарльза, возрождает красавицу к новой жизни. Юная Джульет становится ангелом милосердия и смыслом жизни для отважного героя…		
7	Спящая красавица	(Айвори Джудит)	У ног сэра Джеймса Стокера, бесстрашного и неотразимого искателя приключений, лежал весь лондонский свет. Любая из прекрасных "львиц" высшего общества с удовольствием стала бы его возлюбленной - но он, не желавший легких побед, возжелал покорить сердце неприступной Николь Уайлд, женщины, которая имела все основания не доверять мужчинам. Однако чем яростнее сопротивлялась Николь чарам настойчивого поклонника, тем отчаяннее стремился Джеймс любой ценой пробудить "спящую красавицу" для новой жизни, полной страсти и счастья…		
2228	Колдовство	(Беверли Джо)	Беда обрушилась на юную Мэг Джиллингем в канун Рождества. Ее семья могла лишиться крова, и существовал, казалось бы, один способ избежать этого – сделать сестру Мэг, красавицу Лору, любовницей немолодого богача-сластолюбца. Мэг оставалось только уповать на чудо. Но ведь Рождество – время чудес. Благородный и смелый граф Саксонхерст становится для Мэг не только надежным защитником, но и дарит ей заслуженное счастье – счастье прекрасной и пылкой любви...		
105	Лорд полуночи	(Беверли Джо)	Лорд Саммербун трагически погиб, и некому было бы защитить от могущественных недугов его дочь, прекрасную леди Клэр, не приди ей на помощь могучий рыцарь Ренальд де Лисл. Воином вошел он в ворота замка, страстным возлюбленным и нежным мужем стал для Клэр. Но недолгим оказалось счатье влюбленных, ибо страшная тайна, скрытая в прошлом Ренальда, угрожает молодым супругам, и им предстоит сражаться за свою любовь...		
2361	Мой милый враг (Любимый враг)	(Брокуэй Конни)	Истории великой любви начинаются по-разному. Иногда – с забавной переписки, которую ведут знаменитый авантюрист Эйвери Торн и очаровательная, независимая Лилиан Бид. Истории великой любви бывают разными. Эта – любовь-вражда, любовь – ироничный поединок мужчины, уверенного, что устоит перед чарами любой женщины, и женщины, убежденной, что любовь – всего лишь ловушка, придуманная мужчинами. И все же истории великой любви всегда имеют что-то общее. Возможно, их объединяет сила чувства, притягивающего двух людей друг к другу...		
6588	Во власти желания	(Камерон Стелла)	Аристократ Макс Россмара и дочь бедного фермера Керсти Мерсер в детстве были неразлучны. Повзрослев, Макс едет в Лондон.Проходит много лет, и, пресыщенный жизнью в высшем свете, он возвращается в свое поместье. Что сулит ему новая встреча с Керсти? Сумеет ли блестящий повеса покорить сердце неприступной красавицы? Сможет ли детская дружба превратиться в безумную, страстную любовь?		
996	В погоне за наследницей	(Куин Джулия)	Кто похитил юную, своевольную и язвительную наследницу старинного аристократического рода? Конечно, красавец с нелегкой профессией секретного агента разведки! А кто влюбился в прекрасную пленницу, которую по ошибке принял за известную шпионку? Конечно, он же! Но – что ждет героев столь безумного романа? Обжигающая сила страсти? Разумеется! Сумасшедший, нежный и смешной карнавал сомнений и приключений? Безусловно! И – любовь.		
3224	Грешные обещания	(Мартин Кэт)	Гордая Элизабет Вулкот не ожидала от уготованного ей брака по расчету ничего, кроме горя, и лишь полное отчаяние могло заставить девушку молить о помощи графа Николаса Уорринга, считавшегося самым коварным соблазнителем Лондона и, возможно, даже жестоким преступником. Однако спасение от ужасного венчания оборачивается для Элизабет опасностью новой – забыв о светских условностях, чести и долге, отдаться на волю сладостной и грешной любви Николаса и познать в его объятиях истинную силу разделенной страсти и подлинного счастья…		
2959	Леди и сокольничий	(О`Доннел Лорен)	Солейс Фариндейл сразу обратила внимание на нового обитателя отцовского замка - высокого и красивого сокольничего, и была готова подарить ему свою любовь, позабыв об осторожности. Нежная, наивная Солейс! Логан Грей - ее заклятый враг, он намерен убить отца девушки и завладеть замком.		
2920	Моя нежная фея	(Патни Мэри Джо)	О странностях юной леди Мэриан Грэм ходили легенды столь невероятные и пугающие, что ее называли безумной. Однако, встретившись с Мэриан, молодой Доминик Ренбурн с изумлением увидел вместо капризной сумасбродки тихую, молчаливую красавицу, которую невозможно не полюбить всем сердцем, не пожелать душой и телом. Каково же было изнемогающему от любви Доминику постоянно помнить о том, что рано или поздно он должен отдать возлюбленную в жены своему брату?		
2763	Ее тайная связь	(Смит Барбара Доусон)	Во имя тайной благородной цели красавица Изабелла Дарлинг была готова на все. Не задумываясь бросила она вызов самому неукротимому и гордому мужчине Англии – графу Джастину Керну. Однако слишком быстро война между Изабеллой и Джастином обратилась в неистовую страсть. Страсть-поединок. Страсть-мучение. Страсть, которая может ввергнуть влюбленных в смертельную опасность – или подарить им счастье…		
38110	Песня реки	(Томасон Синтия)	Мошенник-антрепренер решил заработать на гастролях Анны Роуз Конолли довольно необычным способом — пустил слух, что молоденькая певица... слепа. И хитрый план сработал. Лишь сероглазый красавец Филип Бришар не поверил ложному слуху, и этот обман его только рассмешил. Но неожиданно Анна Роуз оказывается в смертельной опасности и молит его о спасении. Какой же джентльмен не рискнет жизнью ради беззащитной дамы! Особенно — если дама эта покорила его сердце и зажгла в нем пламя страстной, неодолимой любви…		
2697	Невеста дракона	(Филлипс Патриция)	Гордая красавица Изабель де Лейси после смерти отца попала под опеку сводного брата, тщеславного и никчемного рыцаря. И он проиграл ее на турнире мужественному воину Моргану Нельсу, по прозвищу Дракон. Морган влюбился в прекрасную Изабель с первого взгляда и увез с собой, чтобы жениться и жить вместе с ней в родовом замке, а красавица, оценив его благородство и верность, стала его возлюбленной и другом. Вместе они сумели противостоять коварству и предательству жадных врагов.		
2727	Изумрудный лебедь	(Фэйзер Джейн (Фэвэр))	Граф Гарет Харкорт случайно увидел представление бродячего цирка и был потрясен поразительным сходством юной акробатки Миранды с прекрасной леди Мод, которую он безуспешно пытался убедить выйти замуж за самого короля Франции. Дерзкий план созрел немедленно – граф предложил безродной циркачке сыграть роль знатной дамы и занять место Мод у алтаря. Однако он не принял в расчет того, что сам может влюбиться в Миранду, а она – со всем пылом первой любви ответить на его чувства…		
1977	Храбрая леди	(Хадсон Джен)	Красавица Энн не была храброй от природы. Но она была честной - честной настолько, что решилась бесстрашно выступить против мужа-мошенника... Но - даже очень храброй молодой леди не выиграть схватки с отпетым негодяем, если за спиной ее не будет стоять настоящий мужчина, защитник, не знающий ни страха, ни сомнений. Такой, как отчаянный Уэбб Маккуиллан, не просто страстно полюбивший Энн, но готовый ради счастья любимой рискнуть собственной жизнью...		
2025	Талисман	(Хенли Вирджиния)	Прекрасная шотландка Джейн Лесли с детства лелеяла в душе два чувства – ненависть к захватчикам-англичанам и надежду на встречу с таинственным, магически притягательным воином, явившимся ей в видении. И однажды видение обрело плоть и имя, но судьба уготовила девушке серьезное испытание. Ибо Линкс де Уорен, полюбить которого Джейн было предначертано свыше, оказался одним из проклятых кельтами английских рыцарей. Однако ненависть и вражда бессильны перед лицом истинной любви, страстной и обжигающей, превосходящей волю и разум…		
5268	Иллюзия	(Юинг Джин Росс)	Для Фрэнсис Вудард, золотоволосой куртизанки, страсть была искусством, в совершенстве изученным на далеком Востоке. Лишь встретив удивительного человека - аристократа и авантюриста Найджела Арундэма, Фрэнсис поняла, что бурная страсть не может существовать без подлинной любви, которая способна помочь двум незаурядным людям преодолеть все опасности и невзгоды и обрести долгожданное счастье...		
2178	Право первой ночи	(Айвори Джудит)	Кто мог взяться за сложнейшее дело – в короткий срок превратить "грубого дикаря" Мика Тремора в благовоспитанного, безупречного джентльмена? Только эксцентричная леди Эдвина Боллаш. всем известная старая дева лондонского света! Что должно было выйти из такого партнерства? На первый взгляд – ничего хорошего! Не сразу, далеко не сразу удалось Эдвине разглядеть в вульгарном простолюдине истинного аристократа и настоящего мужчину – сильного, благородного, бесстрашного. Не сразу и Мик увидел в "унылой" учительнице нежную, страстную, прелестную женщину. Не сразу осознали эти двое, что связаны не жесткими условиями договора, но огненными узами любви…		
2180	Брачный контракт	(Александер Виктория)	Беспутный Максимилиан Уэллс, граф Трент, отчаянно нуждался в достойной невесте, не только обладающей крупным состоянием, но и способной придать своей красотой и остроумием должный блеск его титулу. Прекрасная как богиня Пандора Эффингтон казалась поистине идеальным выбором – с одним небольшим "но". Условие, которое она поставила Максимилиану, нелепое и забавное, исполнить было нелегко. Прежде чем повести красавицу к алтарю, он должен был... доказать подлинность своих чувств. Как?! А вот это взбешенному жениху, сгорающему в пламени страсти, решать самому...		
2226	Тайны ночи	(Беверли Джо)	Престарелый граф не обладает, увы, способностью зачать наследника, а его юная супруга должна стать матерью любой ценой. Так начинается история невероятного приключения... Однако предполагаемый "кандидат в отцы наследника" блестящий лорд Бренд Маллорен отнюдь не горит желанием упасть в объятия незнакомой красавицы, а прелестная леди Розамунда Овертон совершенно не готова ни к ошеломительной любви, ни к забавной "войне интересов" с самым дерзким и необузданным из британских аристократов...		
529	Его грешные пути	(Джеймс Саманта)	Многие женщины любили бесстрашного Камерона Маккея и мечтали пойти с ним под венец... но отважный шотландский горец поклялся взять в жены ту единственную, которая смертельно его ненавидела. Именно гордая Мередит, дочь предводителя враждебного Маккеям клана, должна стать матерью ребенка, который положит конец ненависти между двумя семьями. Однако — чтобы покорить сердце Мередит, Камерону понадобится принести величайшую жертву, на какую только способен мужчина. Всего-то — ПО-НАСТОЯЩЕМУ полюбить женщину. Всего-то — принадлежать ей так же, как она будет принадлежать ему.		
483	Символ любви	(Д`Алессандро Джеки)	Хейли Олбрайт совершенно не похожа на остальных женщин, - это сразу понял Стивен Александр Барретсон, маркиз Гленфилд. Ночью не побоялась разыскать раненого в лесу, привезла домой и выходила незнакомца, - с таким бесстрашием и таким хладнокровным пренебрежением условностями Стивен сталкивался впервые. Маркиз, чудом спасшийся от наемных убийц, скрыл свое настоящее имя и назвался простым учителем, но был с распростертыми объятиями принят всем огромным эксцентричным семейством Хейли, и сама чудесная девушка отдала свое сердце зеленоглазому красавцу. Но циничному и холодному Гленфилду трудно поверить, что существует такая чистота, такая искренность, такая любовь…		
2996	Беру тебя в жены	(Квик Аманда)	Легендарно отважный Эдисон Стоукс бесстрашно отправляется по следу таинственного преступника – и имеет все основания предполагать, что следующей жертвой его недруга станет остроумная и ироничная Эмма Грейсон. С девушки необходимо не спускать глаз. Как это сделать? Проще простого – нанять ее своей помощницей! И постараться в нее не влюбляться. Очень постараться. Но... Эдисон и вообразить не мог, каково, это – вести расследование рука об руку с непокорной Эммой, девушкой, которую он готов то просто убить за ее безрассудные выходки, то задушить в страстных объятиях.		
3107	Блистательный маркиз	(Куин Джулия)	Как выйти замуж за маркиза? Вопрос, конечно, интересный! Особенно – если блистательный молодой маркиз Ривердейл упорно желает видеть в прелестной Элизабет Хочкис не возможную невесту, но невинного лучшего друга! Однако – чем дальше, тем сильнее Ривердейл запутывается в сетях собственной тайной, жгучей страсти к яркой "невесте" и тем отчаяннее осознает, что готов обладать этой независимой девушкой любой ценой – даже ценой законного брака... Бывает. В настоящей любви бывает и такое!...		
1113	Узы любви	(Линдсей Джоанна)	О помолвке между Вулфриком де Торпом, будущим графом Шеффордским, и леди Милисент Криспин объявили, когда невеста была еще шаловливым ребенком. Прошли годы, и наступило время свадьбы. С изумлением и восторгом обнаружил мужественный рыцарь, что угловатая девочка превратилась в чудную красавицу, словно созданную для нежной любви. Однако душа Милисент осталась прежней, и Вулфрику предстоит совершить невозможное – покорить гордое и независимое сердце девушки и зажечь в ней пламя страсти – неистовое и негасимое.		
1155	Своевольная красавица	(Лоуренс Стефани)	Леди Катриона Хеннеси, с детства отмеченная перстом Неведомого, по праву считалась "хозяйкой" затерянной в шотландских горах таинственной долины, где, согласно легенде, жили еще древние кельтские боги. Но даже служительница грозной Госпожи-Богини – прежде всего юная женщина, обреченная на извечную женскую судьбу – судьбу возлюбленной, жены и матери. Даже законы древности отступают перед величайшим законом мира – законом Любви, бросившей гордую Катриону в объятия жесточайшего врага любого шотландца – английского аристократа Ричарда Кинстера, не признающего над собой никакой власти и живущего лишь своими страстями…		
1416	Дочь игрока	(Оуэн Рут)	Дурная слава отца-игрока, обвинение в убийстве – тяжелые испытания одно за другим встают на пути хрупкой Сабрины Мерфи. Выдавая себя за давно пропавшую родственницу, она входит в семью Тревелинов, где встречает благородного и мужественного лорда Эдуарда. Вскоре юная Сабрина понимает, что истинного счастья не достигнешь ценой обмана. К счастью может привести только подлинное всепобеждающее чувство, вспыхивающее между мужчиной и женщиной…		
2952	Опасный соблазнитель	(О`Брайен Линда)	Юная Клэр Кавано имела все основания остерегаться мужчин, а уж довериться опасному соблазнителю Тайлеру Маккейну вряд ли смогла бы даже женщина, совсем не знакомая с нравами высшего света! Однако когда Клэр отчаянно понадобилась помощь, именно беспутный Тайлер оказался единственным, кто смог защитить ее. И не просто защитить, но принести ей драгоценнейший из даров - дар Любви. Любви страстной, неодолимой, властной и нежной.		
2761	Грех и любовь	(Смит Барбара Доусон)	Любовь казалась ей грехом. Любовь стала для нее счастьем… Джейн Мейхью, давно уже смирившаяся с безрадостной участью старой девы, не ожидала ровно никаких перемен в своем унылом существовании. Однако найденная на пороге дома крошечная девочка внезапно становится для Джейн сюрпризом, круто изменившим ее судьбу. И тогда провинциальная жизнь обернулась для молодой женщины блеском и роскошью лондонского света, а грустное одиночество – пылкой, пламенной страстью таинственного покорителя сердец Итана, лорда Чейзбурна…		
2621	Страстная женщина	(Хенли Вирджиния)	Бесс Хардвик с детства знала, что в жизни надо рассчитывать только на себя. Она блистала при королевском дворе, покоряла сердца самых блестящих мужчин. Прекрасная, гордая, решительная она знала, что препятствия существуют для того, чтобы их преодолевали. Она смело шла вперед – и сумела обрести счастье с тем, кто мог сравниться с ней и в неистовой страсти, и в благородстве души…		
2181	Список женихов	(Александер Виктория)	Молодой красавице вдове, вынужденной вступить в новый брак, чтобы получить огромное наследство, совсем не хочется выходить замуж по-настоящему. Не лучше ли выбрать супруга фиктивного из целого списка лондонских аристократов? Но "идеальный кандидат" вовсе не намерен довольствоваться иллюзией брака с женщиной, о которой мечтает день и ночь. Сможет ли она противостоять властной силе его неподдельной страсти?		
2227	Черный маркиз	(Беверли Джо)	Один из лучших женихов Лондона, дуэлянт, не знающий поражений, красавец – таков был неотразимый маркиз Родгар. Однако блистательный светский лев поклялся никогда не поддаваться женским чарам, никогда не связывать себя узами брака – и долгие годы свято держал свою клятву... До того дня, когда по воле короля он стал защитником графини Дианы – красавицы, в которой слились воедино прелесть прирожденной соблазнительницы и яростная независимость женщины, имевшей все основания не доверять представителям противоположного пола. Такая женщина была способна на все – даже покорить сердце гордого маркиза!..		
2360	Безрассудный (Безрассудная любовь)	(Брокуэй Конни)	Он был безрассуден настолько, насколько может быть безрассуден прирожденный искатель приключений... Он вырвался из тюрьмы чудом – чудом, что совершила загадочная красавица с лицом ангела и душой предательницы... Он снова отправился навстречу своей судьбе – на поиски таинственного старинного сокровища. Однако он еще не знал, что самым большим сокровищем его жизни станет любовь – страстная любовь к женщине, которую, казалось бы, ему надо ненавидеть всем сердцем...		
210	Неотразимая (Несравненная)	(Брокуэй Конни)	Кому подарит свое сердце первая красавица Лондона – Фиа Меррик, славящаяся своей ироничной неприступностью? Кому суждено догадаться, что под маской блестящей светской львицы, отвергающей одного поклонника за другим, скрывается невинная девушка, мечтающая найти мужчину своей мечты?.. Возможно, только шотландскому лорду Томасу Макларену, "дикому горцу", который дерзнул увезти Фиа к себе в замок и ни на миг не переставал бороться за ее доверие и любовь.		
669	Невинная ложь	(Дэйн Клаудия)	Имя лихого пиратского капитана Дэндриджа Прентиса наводило страх на весь Новый Свет, а все женщины втайне мечтали о жарких объятиях этого корсара-джентльмена. Однако отчего юная зеленоглазая гордячка Лидия Макинтайр, единственная, сумевшая покорить сердце Дэндриджа, не просто отказалась ответить на его чувство, но и бежала от него в неизвестность? Отчего? Капитан должен любой ценой получить ответ на этот вопрос, потому что только тогда он сможет по-настоящему понять любимую и подарить ей счастье…		
2509	Свадебный водоворот (В вихре свадьбы)	(Д`Алессандро Джеки)	Светский дебют в Англии американки Элизабет Мэтьюз был неудачным. Дамы, прикрывшись веерами, злословили над ее неумением танцевать и молчаливостью, а кто-то из джентльменов назвал "синим чулком". Однако именно "американская выскочка" сумела завоевать самого завидного жениха, Остина Рэндольфа Джеймисона, герцога Брэдфорда. Очаровательная Элизабет наполнила одинокую и холодную душу Остина теплом и светом. Но у девушки есть странный и пугающий дар - она способна видеть прошлое и будущее, и ее видения сулят новобрачным страшные испытания и трагические потери…		
997	Герцог и я	(Куин Джулия)	Красивый, как античный бог, и баснословно богатый Саймон Бассет, герцог Гастингс, был вожделенной добычей для всех незамужних аристократок Лондона – но не имел ни малейшего желания прощаться с радостями холостяцкой жизни. Прелестная Дафна Бриджертон отлично понимала: чтобы сделать выгодную партию, необходимо прежде всего обзавестись – пусть даже только для вида – блестящим поклонником. Так появляется в свете эта парочка. Однако лукавая судьба смеется над людской хитростью – и очень скоро "боевой союз" Саймона и Дафны превращается в подлинную, жгучую страсть, а старательно разыгрываемая ими любовь внезапно оказывается любовью истинной...		
1079	Влюбленный мститель	(Линдсей Джоанна)	Может ли безжалостный мститель как по волшебству превратиться в мужчину, сгорающего от страсти к дочери злейшего врага? Может ли девушка, имеющая все основания ненавидеть и презирать человека, разорившего ее семью, внезапно увидеть в нем своего защитника и возлюбленного? Если в игру ненависти и мести вступает истинная Любовь – возможно все! И тогда между безжалостным циником бароном Уиндсмуром и гордой Лариссой Аскот, волею судьбы оказавшейся в полной его власти, внезапно вспыхивает искра, которой предстоит разгореться в бурное, всепоглощающее пламя…		
1668	Нежная осада	(Смолл Бертрис)	Леди Фортейн Линдли имела все основания считать себя безнадежной старой девой - и должна была бы благодарить судьбу за предстоящий выгодный брак с богатым и могущественным наследником старинного рода. Однако что же делать невесте поневоле, если сердце ее с первой минуты покорил брат ее нареченного, необузданный ирландский бунтарь Кайрен Деверс?		
1902	Меч и пламя	(Филлипс Патриция)	По воле короля прекрасная и знатная Адель Сен-Клер должна стать женой его верного друга и соратника. Благородный Рейф де Монфор поклялся доставить юную невесту к алтарю, какие бы опасности ни угрожали брачному поезду. Однако мог ли отважный рыцарь представить, что страшнейшей из опасностей, угрожающих Адель, станет любовь? Любовь высокая и земная, чувственная и нежная. Любовь, внезапно сделавшая нелепыми все законы рыцарского служения даме и оставившая лишь один закон - закон страсти, которому охотно подчиняются настоящий мужчина и истинная женщина...		
1930	Дерзкая разбойница	(Фоули Гэлен)	Красавица Даниэла мечтала о справедливости – и решилась, надев маску таинственного "благородного разбойника", напасть на карету самого принца… Отважный принц Рафаэль мечтал обвенчаться с женщиной, которую полюбит всеми силами души, – и не отрекся от своей мечты, даже узнав, что эта женщина – "разбойница" Даниэла… Что же теперь предпочтет дерзкая красавица – сохранить гордость и отдаться в руки правосудия или ответить на страстную любовь мужчины, которого она поклялась ненавидеть?…		
1978	Корабль мечты	(Хайатт Бренда)	Не то, чтобы Оделла Гиллиленд была от природы склонна к авантюризму, просто жизнь постоянно требовала от нее не только мужества и оптимизма, но и находчивости. Вот и на этот раз, чтобы избежать скорого и несправедливого судилища, Делия взошла на корабль, готовый к отплытию и, положившись на госпожу Удачу, назвалась женой представительного господина, показавшегося добрым. Кентон Брэдфорд, безупречный джентльмен и рыцарь пришел на помощь незнакомой даме, попавшей в беду, и не стал уличать ее во лжи. Так Делия и Кент стали участниками долгого путешествия и волнующего спектакля, ход которого известен лишь небесам.		
2550	Убежденный холостяк	(Хармон Данелла)	Эндрю де Монфор, повеса и светский лев, намеревался остаться холостяком до конца своих дней. Однако старший брат, твердо решивший устроить его судьбу, не остановился даже перед обманом – и теперь Эндрю просто обязан жениться на леди Челси Блейк, которую невольно скомпрометировал! Кошмар? Ну… не совсем. Потому что "супруг поневоле" – прежде всего мужчина, не способный устоять перед чарами прелестной юной женщины, твердо решившей завладеть им навеки.		
2997	Грешная вдова	(Квик Аманда)	Они встретились, преследуемые тенями прошлого – Мэделин Деверидж, молодая вдова, которую молва обвиняла в гибели мужа, и Артемис Хант, аристократ, стремившийся отомстить убийцам своей подруги. Отныне им предстояло не только распутать сеть загадок и тайн, избежать множества опасностей, но и заново обрести счастье – возвышенное счастье двух пылких, горячих сердец.		
